parameter,value,std
p_ref__bar,12.391550000000002,2.975824916289543
q_ref__g_per_s,1.896991995647268,0.1471316142867914
